Assignment,Live date tentative,Due date tentative,Topic,Deliverable
welcome,2026-10-15,2026-10-16,Meet Mr. Hayward. What is data science?,Your introduction and learning goals in the welcome Form.
A01,2026-10-15,2026-10-22,Explore Mr. Hayward’s weight in Sheets,"Six spreadsheet results, formulas and your explanation. Submit your answers and Sheet link in the assignment Form."
A02,2026-11-12,2026-11-23,From formulas to Python,"Executed Python answers to six questions, with one sentence explaining a filter."
A03,2026-12-10,2026-12-17,Ask a better data question,A draft table for all seven weekdays and a justified choice of statistic.
A03R,2027-01-14,2027-01-28,Write a clear work email,"A 150–250 word work email: subject, greeting, finding, evidence, limitation and next question. Paste it in the Form and keep a copy in your notebook."
A04,2027-02-11,2027-02-18,See the distribution,A labeled weekend histogram and a short comparison with weekdays in the notebook.
A05,2027-02-11,2027-02-25,Put time back into the story,"A dated time-series chart, computed overall mean, and an explanation linked to code."
AI,2027-03-18,2027-04-08,Can AI help? Check its work.,"An AI-assisted Google Doc or Sheet (or a notebook section), your prompt, two independent checks and a short critique."
A06,2027-04-29,2027-04-29,Show us what you learned,"A four-slide presentation, your final notebook and a short course reflection. Present by the end of April."
